{"cameraMode":{"drawMode":0,"name":"Shaded","section":"Shading Mode"},"sceneLighting":false,"audioPlay":false,"sceneViewState":{"m_AlwaysRefresh":false,"showFog":true,"showSkybox":false,"showFlares":true,"showImageEffects":true,"showParticleSystems":true,"showVisualEffectGraphs":true,"m_FxEnabled":true},"in2DMode":false,"pivot":{"x":0.010414408519864083,"y":1.5216591358184815,"z":0.055856943130493167},"rotation":{"x":-0.13341115415096284,"y":-0.002382104517892003,"z":0.0003195292956661433,"w":-0.9910653233528137},"size":1.7823954820632935,"orthographic":false}