{"cameraMode":{"drawMode":0,"name":"Shaded","section":"Shading Mode"},"sceneLighting":false,"audioPlay":false,"sceneViewState":{"m_AlwaysRefresh":false,"showFog":true,"showSkybox":false,"showFlares":true,"showImageEffects":true,"showParticleSystems":true,"showVisualEffectGraphs":true,"m_FxEnabled":true},"in2DMode":false,"pivot":{"x":0.4103642702102661,"y":2.6888339519500734,"z":-1.982336163520813},"rotation":{"x":-0.1601184904575348,"y":-0.0008919544634409249,"z":0.00014354386075865477,"w":-0.9871051907539368},"size":0.9902197122573853,"orthographic":false}